entity_index,byte_offset,updateType,highGuid,highGuidName,subType,guid_lo,guid_hi,objectType,objectTypeName,valuesSize,fragmentCount,fragments,raw_bytes
1,0x0,1,3,Item,0,0x40000009716398f3,0x0c00d40000000000,1,Item,282,2,"CGObject,Tag_Item",
2,0x131,1,3,Item,0,0x4000000971639905,0x0c00d40000000000,1,Item,282,2,"CGObject,Tag_Item",
3,0x262,1,3,Item,0,0x400000098f0d2b39,0x0c00d40000000000,1,Item,282,2,"CGObject,Tag_Item",
4,0x393,1,3,Item,0,0x4000000d6958b9f8,0x0c00d40000000000,1,Item,300,2,"CGObject,Tag_Item",
5,0x4D6,1,3,Item,0,0x4000000d6f56cb0c,0x0c00d40000000000,1,Item,282,2,"CGObject,Tag_Item",
6,0x607,1,3,Item,0,0x4000000d5e6366f4,0x0c00d40000000000,1,Item,300,2,"CGObject,Tag_Item",
7,0x74A,1,3,Item,0,0x4000000979ff78d8,0x0c00d40000000000,1,Item,282,2,"CGObject,Tag_Item",
8,0x87B,1,3,Item,0,0x400000097e131297,0x0c00d40000000000,1,Item,282,2,"CGObject,Tag_Item",
9,0x9AC,1,3,Item,0,0x4000000986c273a4,0x0c00d40000000000,1,Item,282,2,"CGObject,Tag_Item",
10,0xADD,1,3,Item,0,0x40000009876ef4f9,0x0c00d40000000000,1,Item,282,2,"CGObject,Tag_Item",
11,0xC0E,1,3,Item,0,0x4000000c70348fcf,0x0c00d40000000000,1,Item,282,2,"CGObject,Tag_Item",
12,0xD3F,1,3,Item,0,0x4000000c7405ec5c,0x0c00d40000000000,1,Item,291,2,"CGObject,Tag_Item",
13,0xE79,1,3,Item,0,0x4000000d6e4528f2,0x0c00d40000000000,1,Item,300,2,"CGObject,Tag_Item",
14,0xFBC,1,3,Item,0,0x4000000d6f378837,0x0c00d40000000000,1,Item,300,2,"CGObject,Tag_Item",
15,0x10FF,1,3,Item,0,0x4000000d6f3970c4,0x0c00d40000000000,1,Item,300,2,"CGObject,Tag_Item",
16,0x1242,1,3,Item,0,0x4000000d6ed08dc5,0x0c00d40000000000,1,Item,304,2,"CGObject,Tag_Item",
17,0x1389,1,3,Item,0,0x4000000d6f55c2df,0x0c00d40000000000,1,Item,308,2,"CGObject,Tag_Item",
18,0x14D4,1,3,Item,0,0x4000000d6f576328,0x0c00d40000000000,1,Item,300,2,"CGObject,Tag_Item",
19,0x1617,1,3,Item,0,0x4000000d6f5508ed,0x0c00d40000000000,1,Item,300,2,"CGObject,Tag_Item",
20,0x175A,1,3,Item,0,0x4000000d6f585e2f,0x0c00d40000000000,1,Item,304,2,"CGObject,Tag_Item",
21,0x18A1,1,3,Item,0,0x4000000d6f5986c5,0x0c00d40000000000,1,Item,304,2,"CGObject,Tag_Item",
22,0x19E8,1,3,Item,0,0x4000000d6958e936,0x0c00d40000000000,1,Item,304,2,"CGObject,Tag_Item",
23,0x1B2F,1,3,Item,0,0x4000000d6f38280d,0x0c00d40000000000,1,Item,300,2,"CGObject,Tag_Item",
24,0x1C72,1,3,Item,0,0x4000000d6a0b7b2c,0x0c00d40000000000,1,Item,300,2,"CGObject,Tag_Item",
25,0x1DB5,1,3,Item,0,0x4000000d6e46e321,0x0c00d40000000000,1,Item,300,2,"CGObject,Tag_Item",
26,0x1EF8,1,3,Item,0,0x4000000d6f36d61b,0x0c00d40000000000,1,Item,300,2,"CGObject,Tag_Item",
27,0x203B,1,3,Item,0,0x4000000d6f341d58,0x0c00d40000000000,1,Item,300,2,"CGObject,Tag_Item",
28,0x217E,1,3,Item,0,0x4000000c70348fca,0x0c00d40000000000,2,Container,723,3,"CGObject,Tag_Item,Tag_Container",
29,0x2468,1,3,Item,0,0x4000000d51b1ba09,0x0c00d40000000000,2,Container,483,3,"CGObject,Tag_Item,Tag_Container",
30,0x2662,1,3,Item,0,0x4000000993c38773,0x0c00d40000000000,1,Item,282,2,"CGObject,Tag_Item",
31,0x2793,1,3,Item,0,0x4000000991665522,0x0c00d40000000000,1,Item,282,2,"CGObject,Tag_Item",
32,0x28C4,1,3,Item,0,0x4000000996114d9f,0x0c00d40000000000,1,Item,282,2,"CGObject,Tag_Item",
33,0x29F5,1,3,Item,0,0x4000000c88b26b4c,0x0c00d40000000000,1,Item,287,2,"CGObject,Tag_Item",
34,0x2B2B,1,3,Item,0,0x4000000c8bf16cd5,0x0c00d40000000000,1,Item,282,2,"CGObject,Tag_Item",
35,0x2C5C,1,3,Item,0,0x4000000c8d04bc85,0x0c00d40000000000,1,Item,287,2,"CGObject,Tag_Item",
36,0x2D92,1,3,Item,0,0x4000000c9114a027,0x0c00d40000000000,1,Item,287,2,"CGObject,Tag_Item",
37,0x2EC8,1,3,Item,0,0x4000000c90a01374,0x0c00d40000000000,1,Item,282,2,"CGObject,Tag_Item",
38,0x2FF9,1,3,Item,0,0x4000000c70348fcb,0x0c00d40000000000,2,Container,722,3,"CGObject,Tag_Item,Tag_Container",
39,0x32E2,1,3,Item,0,0x4000000c70348fcd,0x0c00d40000000000,2,Container,722,3,"CGObject,Tag_Item,Tag_Container",
40,0x35CB,1,3,Item,0,0x4000000c70348fcc,0x0c00d40000000000,2,Container,722,3,"CGObject,Tag_Item,Tag_Container",
41,0x38B4,1,3,Item,0,0x4000000c70348fce,0x0c00d40000000000,2,Container,666,3,"CGObject,Tag_Item,Tag_Container",
42,0x3B65,1,3,Item,0,0x4000000d51b1ba03,0x0c00d40000000000,2,Container,643,3,"CGObject,Tag_Item,Tag_Container",
43,0x3DFF,1,3,Item,0,0x4000000d51b1ba04,0x0c00d40000000000,2,Container,483,3,"CGObject,Tag_Item,Tag_Container",
44,0x3FF9,1,3,Item,0,0x4000000d51b1ba05,0x0c00d40000000000,2,Container,483,3,"CGObject,Tag_Item,Tag_Container",
45,0x41F3,1,3,Item,0,0x4000000d51b1ba06,0x0c00d40000000000,2,Container,1267,3,"CGObject,Tag_Item,Tag_Container",
46,0x46FD,1,3,Item,0,0x4000000d51b1ba08,0x0c00d40000000000,2,Container,483,3,"CGObject,Tag_Item,Tag_Container",
47,0x48F7,1,3,Item,0,0x4000000986d83101,0x0c00d40000000000,1,Item,284,2,"CGObject,Tag_Item",
48,0x4A2A,1,3,Item,0,0x40000009796fa371,0x0c00d40000000000,1,Item,284,2,"CGObject,Tag_Item",
49,0x4B5D,1,3,Item,0,0x40000009716398be,0x0c00d40000000000,1,Item,284,2,"CGObject,Tag_Item",
50,0x4C90,1,3,Item,0,0x400000098701a819,0x0c00d40000000000,1,Item,284,2,"CGObject,Tag_Item",
51,0x4DC3,1,3,Item,0,0x4000000992b479d2,0x0c00d40000000000,1,Item,284,2,"CGObject,Tag_Item",
52,0x4EF6,1,3,Item,0,0x4000000992b9c39e,0x0c00d40000000000,1,Item,284,2,"CGObject,Tag_Item",
53,0x5029,1,3,Item,0,0x4000000992b5823f,0x0c00d40000000000,1,Item,284,2,"CGObject,Tag_Item",
54,0x515C,1,3,Item,0,0x40000009716398b2,0x0c00d40000000000,1,Item,284,2,"CGObject,Tag_Item",
55,0x528F,1,3,Item,0,0x40000009716398b4,0x0c00d40000000000,1,Item,420,2,"CGObject,Tag_Item",
56,0x544A,1,3,Item,0,0x40000009716398b5,0x0c00d40000000000,1,Item,284,2,"CGObject,Tag_Item",
57,0x557D,1,3,Item,0,0x40000009716398b6,0x0c00d40000000000,1,Item,378,2,"CGObject,Tag_Item",
58,0x570E,1,3,Item,0,0x40000009716398b8,0x0c00d40000000000,1,Item,284,2,"CGObject,Tag_Item",
59,0x5841,1,3,Item,0,0x40000009716398ba,0x0c00d40000000000,1,Item,284,2,"CGObject,Tag_Item",
60,0x5974,1,3,Item,0,0x40000009716398bd,0x0c00d40000000000,1,Item,284,2,"CGObject,Tag_Item",
61,0x5AA7,1,3,Item,0,0x4000000971639895,0x0c00d40000000000,1,Item,284,2,"CGObject,Tag_Item",
62,0x5BDA,1,3,Item,0,0x40000009716398df,0x0c00d40000000000,1,Item,284,2,"CGObject,Tag_Item",
63,0x5D0D,1,3,Item,0,0x40000009716398d1,0x0c00d40000000000,1,Item,284,2,"CGObject,Tag_Item",
64,0x5E40,1,3,Item,0,0x40000009716398d2,0x0c00d40000000000,1,Item,284,2,"CGObject,Tag_Item",
65,0x5F73,1,3,Item,0,0x40000009716398d7,0x0c00d40000000000,1,Item,284,2,"CGObject,Tag_Item",
66,0x60A6,1,3,Item,0,0x40000009716398d8,0x0c00d40000000000,1,Item,284,2,"CGObject,Tag_Item",
67,0x61D9,1,3,Item,0,0x40000009716398d9,0x0c00d40000000000,1,Item,284,2,"CGObject,Tag_Item",
68,0x630C,1,3,Item,0,0x40000009716398dd,0x0c00d40000000000,1,Item,284,2,"CGObject,Tag_Item",
69,0x643F,1,3,Item,0,0x40000009716398de,0x0c00d40000000000,1,Item,284,2,"CGObject,Tag_Item",
70,0x6572,1,3,Item,0,0x40000009716398e0,0x0c00d40000000000,1,Item,284,2,"CGObject,Tag_Item",
71,0x66A5,1,3,Item,0,0x40000009716398e3,0x0c00d40000000000,1,Item,284,2,"CGObject,Tag_Item",
72,0x67D8,1,3,Item,0,0x40000009716398c3,0x0c00d40000000000,1,Item,284,2,"CGObject,Tag_Item",
73,0x690B,1,3,Item,0,0x40000009716398bf,0x0c00d40000000000,1,Item,284,2,"CGObject,Tag_Item",
74,0x6A3E,1,3,Item,0,0x40000009716398c0,0x0c00d40000000000,1,Item,284,2,"CGObject,Tag_Item",
75,0x6B71,1,3,Item,0,0x40000009716398c2,0x0c00d40000000000,1,Item,284,2,"CGObject,Tag_Item",
76,0x6CA4,1,3,Item,0,0x40000009716398c5,0x0c00d40000000000,1,Item,284,2,"CGObject,Tag_Item",
77,0x6DD7,1,3,Item,0,0x40000009716398c6,0x0c00d40000000000,1,Item,284,2,"CGObject,Tag_Item",
78,0x6F0A,1,3,Item,0,0x40000009716398ca,0x0c00d40000000000,1,Item,284,2,"CGObject,Tag_Item",
79,0x703D,1,3,Item,0,0x40000009716398ce,0x0c00d40000000000,1,Item,284,2,"CGObject,Tag_Item",
80,0x7170,1,3,Item,0,0x40000009716398d0,0x0c00d40000000000,1,Item,284,2,"CGObject,Tag_Item",
81,0x72A3,1,3,Item,0,0x40000009716398a5,0x0c00d40000000000,1,Item,416,2,"CGObject,Tag_Item",
82,0x745A,1,3,Item,0,0x40000009716398a2,0x0c00d40000000000,2,Container,485,3,"CGObject,Tag_Item,Tag_Container",
83,0x7656,1,3,Item,0,0x40000009716398a3,0x0c00d40000000000,2,Container,485,3,"CGObject,Tag_Item,Tag_Container",
84,0x7852,1,3,Item,0,0x40000009716398a4,0x0c00d40000000000,2,Container,485,3,"CGObject,Tag_Item,Tag_Container",
85,0x7A4E,1,3,Item,0,0x40000009716398a6,0x0c00d40000000000,2,Container,485,3,"CGObject,Tag_Item,Tag_Container",
86,0x7C4A,1,3,Item,0,0x40000009716398ec,0x0c00d40000000000,1,Item,284,2,"CGObject,Tag_Item",
87,0x7D7D,1,3,Item,0,0x40000009716398e6,0x0c00d40000000000,1,Item,284,2,"CGObject,Tag_Item",
88,0x7EB0,1,3,Item,0,0x40000009716398e8,0x0c00d40000000000,1,Item,284,2,"CGObject,Tag_Item",
89,0x7FE3,1,3,Item,0,0x40000009716398eb,0x0c00d40000000000,1,Item,284,2,"CGObject,Tag_Item",
90,0x8116,1,3,Item,0,0x40000009716398ed,0x0c00d40000000000,1,Item,284,2,"CGObject,Tag_Item",
91,0x8249,1,3,Item,0,0x40000009716398ee,0x0c00d40000000000,1,Item,284,2,"CGObject,Tag_Item",
92,0x837C,1,3,Item,0,0x40000009716398ef,0x0c00d40000000000,1,Item,284,2,"CGObject,Tag_Item",
93,0x84AF,1,3,Item,0,0x40000009716398f0,0x0c00d40000000000,1,Item,284,2,"CGObject,Tag_Item",
94,0x85E2,1,3,Item,0,0x40000009716398f2,0x0c00d40000000000,1,Item,284,2,"CGObject,Tag_Item",
95,0x8715,1,3,Item,0,0x40000009716398f8,0x0c00d40000000000,1,Item,284,2,"CGObject,Tag_Item",
96,0x8848,1,3,Item,0,0x40000009716398f6,0x0c00d40000000000,1,Item,284,2,"CGObject,Tag_Item",
97,0x897B,1,3,Item,0,0x40000009716398f7,0x0c00d40000000000,1,Item,284,2,"CGObject,Tag_Item",
98,0x8AAE,1,3,Item,0,0x40000009716398f5,0x0c00d40000000000,1,Item,284,2,"CGObject,Tag_Item",
99,0x8BE1,1,3,Item,0,0x40000009716398f9,0x0c00d40000000000,1,Item,284,2,"CGObject,Tag_Item",
100,0x8D14,1,3,Item,0,0x40000009716398fa,0x0c00d40000000000,1,Item,284,2,"CGObject,Tag_Item",
101,0x8E47,1,3,Item,0,0x40000009716398fc,0x0c00d40000000000,1,Item,284,2,"CGObject,Tag_Item",
102,0x8F7A,1,3,Item,0,0x40000009716398fd,0x0c00d40000000000,1,Item,284,2,"CGObject,Tag_Item",
103,0x90AD,1,3,Item,0,0x4000000971639907,0x0c00d40000000000,1,Item,284,2,"CGObject,Tag_Item",
104,0x91E0,1,3,Item,0,0x400000097163990a,0x0c00d40000000000,1,Item,284,2,"CGObject,Tag_Item",
105,0x9313,1,3,Item,0,0x400000097163990b,0x0c00d40000000000,1,Item,284,2,"CGObject,Tag_Item",
106,0x9446,1,3,Item,0,0x400000097163990c,0x0c00d40000000000,1,Item,284,2,"CGObject,Tag_Item",
107,0x9579,1,3,Item,0,0x40000009716398af,0x0c00d40000000000,2,Container,485,3,"CGObject,Tag_Item,Tag_Container",
108,0x9775,1,3,Item,0,0x4000000971639901,0x0c00d40000000000,1,Item,284,2,"CGObject,Tag_Item",
109,0x98A8,1,3,Item,0,0x4000000971639906,0x0c00d40000000000,1,Item,284,2,"CGObject,Tag_Item",
110,0x99DB,1,3,Item,0,0x4000000d6e41b975,0x0c00d40000000000,1,Item,302,2,"CGObject,Tag_Item",
111,0x9B20,1,3,Item,0,0x4000000d6f398cea,0x0c00d40000000000,1,Item,306,2,"CGObject,Tag_Item",
112,0x9C69,1,3,Item,0,0x4000000d6f551e43,0x0c00d40000000000,1,Item,284,2,"CGObject,Tag_Item",
113,0x9D9C,1,3,Item,0,0x4000000d58a53d5c,0x0c00d40000000000,1,Item,284,2,"CGObject,Tag_Item",
114,0x9ECF,1,3,Item,0,0x4000000d6f593301,0x0c00d40000000000,1,Item,302,2,"CGObject,Tag_Item",
115,0xA014,1,3,Item,0,0x4000000d5e5eab0f,0x0c00d40000000000,1,Item,284,2,"CGObject,Tag_Item",
116,0xA147,1,3,Item,0,0x4000000d6027ac42,0x0c00d40000000000,1,Item,302,2,"CGObject,Tag_Item",
117,0xA28C,1,3,Item,0,0x4000000d602770d3,0x0c00d40000000000,1,Item,284,2,"CGObject,Tag_Item",
118,0xA3BF,1,3,Item,0,0x4000000d695937e9,0x0c00d40000000000,1,Item,306,2,"CGObject,Tag_Item",
119,0xA508,1,3,Item,0,0x4000000d6a0b9a78,0x0c00d40000000000,1,Item,284,2,"CGObject,Tag_Item",
120,0xA63B,1,3,Item,0,0x4000000d6cf40008,0x0c00d40000000000,1,Item,294,2,"CGObject,Tag_Item",
121,0xA777,1,3,Item,0,0x4000000985903f2c,0x0c00d40000000000,1,Item,284,2,"CGObject,Tag_Item",
122,0xA8AA,1,3,Item,0,0x40000009d002142d,0x0c00d40000000000,1,Item,284,2,"CGObject,Tag_Item",
123,0xA9DD,1,3,Item,0,0x40000009d0026db2,0x0c00d40000000000,1,Item,284,2,"CGObject,Tag_Item",
124,0xAB10,1,3,Item,0,0x40000009d0025535,0x0c00d40000000000,1,Item,284,2,"CGObject,Tag_Item",
125,0xAC43,1,3,Item,0,0x40000009797f4248,0x0c00d40000000000,1,Item,284,2,"CGObject,Tag_Item",
126,0xAD76,1,3,Item,0,0x40000009797f425e,0x0c00d40000000000,1,Item,284,2,"CGObject,Tag_Item",
127,0xAEA9,1,3,Item,0,0x40000009797f4222,0x0c00d40000000000,1,Item,284,2,"CGObject,Tag_Item",
128,0xAFDC,1,3,Item,0,0x4000000979895798,0x0c00d40000000000,1,Item,284,2,"CGObject,Tag_Item",
129,0xB10F,1,3,Item,0,0x4000000984759488,0x0c00d40000000000,1,Item,284,2,"CGObject,Tag_Item",
130,0xB242,1,3,Item,0,0x40000009d0040fc9,0x0c00d40000000000,1,Item,284,2,"CGObject,Tag_Item",
131,0xB375,1,3,Item,0,0x40000009d00247b9,0x0c00d40000000000,1,Item,284,2,"CGObject,Tag_Item",
132,0xB4A8,1,3,Item,0,0x40000009d0040a4b,0x0c00d40000000000,1,Item,284,2,"CGObject,Tag_Item",
133,0xB5DB,1,3,Item,0,0x40000009d003f2e8,0x0c00d40000000000,1,Item,284,2,"CGObject,Tag_Item",
134,0xB70E,1,3,Item,0,0x40000009d002f75b,0x0c00d40000000000,1,Item,284,2,"CGObject,Tag_Item",
135,0xB841,1,3,Item,0,0x40000009d003f2e7,0x0c00d40000000000,1,Item,284,2,"CGObject,Tag_Item",
136,0xB974,1,3,Item,0,0x40000009798e6dc6,0x0c00d40000000000,1,Item,284,2,"CGObject,Tag_Item",
137,0xBAA7,1,3,Item,0,0x4000000d6a9c2a9e,0x0c00d40000000000,1,Item,302,2,"CGObject,Tag_Item",
138,0xBBEC,1,3,Item,0,0x4000000d58a53d58,0x0c00d40000000000,1,Item,284,2,"CGObject,Tag_Item",
139,0xBD1F,1,3,Item,0,0x4000000d58a541ab,0x0c00d40000000000,1,Item,284,2,"CGObject,Tag_Item",
140,0xBE52,1,3,Item,0,0x4000000d5d6e5e39,0x0c00d40000000000,1,Item,314,2,"CGObject,Tag_Item",
141,0xBFA3,1,3,Item,0,0x4000000d69589d2c,0x0c00d40000000000,1,Item,294,2,"CGObject,Tag_Item",
142,0xC0E0,1,3,Item,0,0x4000000d69595643,0x0c00d40000000000,1,Item,310,2,"CGObject,Tag_Item",
143,0xC22D,1,3,Item,0,0x4000000d6a0bac3a,0x0c00d40000000000,1,Item,306,2,"CGObject,Tag_Item",
144,0xC376,1,3,Item,0,0x4000000d60b57dd6,0x0c00d40000000000,1,Item,302,2,"CGObject,Tag_Item",
145,0xC4BB,1,3,Item,0,0x40000009c578950b,0x0c00d40000000000,1,Item,284,2,"CGObject,Tag_Item",
146,0xC5EE,1,3,Item,0,0x4000000d60b60738,0x0c00d40000000000,1,Item,294,2,"CGObject,Tag_Item",
147,0xC72B,1,3,Item,0,0x4000000d60b5f95b,0x0c00d40000000000,1,Item,306,2,"CGObject,Tag_Item",
148,0xC874,1,3,Item,0,0x4000000d6f333a8b,0x0c00d40000000000,1,Item,284,2,"CGObject,Tag_Item",
149,0xC9A7,1,3,Item,0,0x4000000d6f337d95,0x0c00d40000000000,1,Item,302,2,"CGObject,Tag_Item",
150,0xCAEC,1,3,Item,0,0x4000000d6f3339a1,0x0c00d40000000000,1,Item,284,2,"CGObject,Tag_Item",
151,0xCC1F,1,3,Item,0,0x4000000d6f341b1d,0x0c00d40000000000,1,Item,302,2,"CGObject,Tag_Item",
152,0xCD64,1,3,Item,0,0x4000000d6e41e71c,0x0c00d40000000000,1,Item,302,2,"CGObject,Tag_Item",
153,0xCEA9,1,3,Item,0,0x4000000d6f3492d9,0x0c00d40000000000,1,Item,284,2,"CGObject,Tag_Item",
154,0xCFDC,1,3,Item,0,0x4000000d6f360962,0x0c00d40000000000,1,Item,284,2,"CGObject,Tag_Item",
155,0xD10F,1,3,Item,0,0x4000000d6f35dfec,0x0c00d40000000000,1,Item,284,2,"CGObject,Tag_Item",
156,0xD242,1,3,Item,0,0x4000000d6f35d170,0x0c00d40000000000,1,Item,284,2,"CGObject,Tag_Item",
157,0xD375,1,3,Item,0,0x4000000d6f3669f0,0x0c00d40000000000,1,Item,306,2,"CGObject,Tag_Item",
158,0xD4BE,1,3,Item,0,0x4000000d6f376643,0x0c00d40000000000,1,Item,284,2,"CGObject,Tag_Item",
159,0xD5F1,1,3,Item,0,0x4000000d6f37663d,0x0c00d40000000000,1,Item,284,2,"CGObject,Tag_Item",
160,0xD724,1,3,Item,0,0x4000000d6e468e96,0x0c00d40000000000,1,Item,302,2,"CGObject,Tag_Item",
161,0xD869,1,3,Item,0,0x4000000d6f37c37d,0x0c00d40000000000,1,Item,284,2,"CGObject,Tag_Item",
162,0xD99C,1,3,Item,0,0x4000000d6f37e618,0x0c00d40000000000,1,Item,284,2,"CGObject,Tag_Item",
163,0xDACF,1,3,Item,0,0x4000000d6f374dd8,0x0c00d40000000000,1,Item,284,2,"CGObject,Tag_Item",
164,0xDC02,1,3,Item,0,0x4000000d6f37d144,0x0c00d40000000000,1,Item,284,2,"CGObject,Tag_Item",
165,0xDD35,1,3,Item,0,0x4000000d6f380002,0x0c00d40000000000,1,Item,284,2,"CGObject,Tag_Item",
166,0xDE67,1,3,Item,0,0x4000000d6ecf4e2c,0x0c00d40000000000,1,Item,294,2,"CGObject,Tag_Item",
167,0xDFA4,1,3,Item,0,0x4000000d6ecfce37,0x0c00d40000000000,1,Item,284,2,"CGObject,Tag_Item",
168,0xE0D7,1,3,Item,0,0x4000000d6ed0289a,0x0c00d40000000000,1,Item,302,2,"CGObject,Tag_Item",
169,0xE21C,1,3,Item,0,0x4000000d6f543deb,0x0c00d40000000000,1,Item,306,2,"CGObject,Tag_Item",
170,0xE365,1,3,Item,0,0x4000000d58a541ed,0x0c00d40000000000,1,Item,284,2,"CGObject,Tag_Item",
171,0xE498,1,3,Item,0,0x4000000d58a54320,0x0c00d40000000000,1,Item,284,2,"CGObject,Tag_Item",
172,0xE5CB,1,3,Item,0,0x4000000d58a54768,0x0c00d40000000000,1,Item,284,2,"CGObject,Tag_Item",
173,0xE6FE,1,3,Item,0,0x4000000d6f56af66,0x0c00d40000000000,1,Item,284,2,"CGObject,Tag_Item",
174,0xE831,1,3,Item,0,0x4000000d58a542c1,0x0c00d40000000000,1,Item,284,2,"CGObject,Tag_Item",
175,0xE964,1,3,Item,0,0x4000000d58a5476a,0x0c00d40000000000,1,Item,284,2,"CGObject,Tag_Item",
176,0xEA97,1,3,Item,0,0x4000000d5e636700,0x0c00d40000000000,2,Container,485,3,"CGObject,Tag_Item,Tag_Container",
177,0xEC92,1,3,Item,0,0x4000000d5e5f26b1,0x0c00d40000000000,1,Item,302,2,"CGObject,Tag_Item",
178,0xEDD7,1,3,Item,0,0x4000000d60b61098,0x0c00d40000000000,1,Item,302,2,"CGObject,Tag_Item",
179,0xEF1C,1,3,Item,0,0x4000000d5cc1d7be,0x0c00d40000000000,1,Item,306,2,"CGObject,Tag_Item",
180,0xF065,1,3,Item,0,0x4000000d5d6d4208,0x0c00d40000000000,1,Item,302,2,"CGObject,Tag_Item",
181,0xF1AA,1,3,Item,0,0x4000000d60275dff,0x0c00d40000000000,1,Item,284,2,"CGObject,Tag_Item",
182,0xF2DD,1,3,Item,0,0x4000000d60b5c67c,0x0c00d40000000000,1,Item,306,2,"CGObject,Tag_Item",
183,0xF426,1,3,Item,0,0x4000000d6959350e,0x0c00d40000000000,1,Item,298,2,"CGObject,Tag_Item",
184,0xF567,1,3,Item,0,0x4000000d6f3492e6,0x0c00d40000000000,1,Item,284,2,"CGObject,Tag_Item",
185,0xF69A,1,3,Item,0,0x4000000d6f340d84,0x0c00d40000000000,1,Item,302,2,"CGObject,Tag_Item",
186,0xF7DF,1,3,Item,0,0x4000000d6f3492f7,0x0c00d40000000000,1,Item,284,2,"CGObject,Tag_Item",
187,0xF912,1,3,Item,0,0x4000000d6f35c7d4,0x0c00d40000000000,1,Item,284,2,"CGObject,Tag_Item",
188,0xFA45,1,3,Item,0,0x4000000d6f3949a9,0x0c00d40000000000,1,Item,284,2,"CGObject,Tag_Item",
189,0xFB78,1,3,Item,0,0x4000000d6f340d8e,0x0c00d40000000000,1,Item,284,2,"CGObject,Tag_Item",
190,0xFCAB,1,3,Item,0,0x4000000d6f35dfe2,0x0c00d40000000000,1,Item,284,2,"CGObject,Tag_Item",
191,0xFDDE,1,3,Item,0,0x4000000d6f38673d,0x0c00d40000000000,1,Item,289,2,"CGObject,Tag_Item",
192,0xFF16,1,3,Item,0,0x4000000d6f34dc4f,0x0c00d40000000000,1,Item,302,2,"CGObject,Tag_Item",
193,0x1005B,1,3,Item,0,0x4000000d6a0af0ae,0x0c00d40000000000,1,Item,302,2,"CGObject,Tag_Item",
194,0x101A0,1,3,Item,0,0x4000000d6a0b2eb4,0x0c00d40000000000,1,Item,284,2,"CGObject,Tag_Item",
195,0x102D3,1,3,Item,0,0x4000000d6b237e1b,0x0c00d40000000000,1,Item,294,2,"CGObject,Tag_Item",
196,0x10410,1,3,Item,0,0x4000000d6b238dec,0x0c00d40000000000,1,Item,302,2,"CGObject,Tag_Item",
197,0x10555,1,3,Item,0,0x4000000d6cf3f740,0x0c00d40000000000,1,Item,302,2,"CGObject,Tag_Item",
198,0x1069A,1,3,Item,0,0x4000000d6cf3fe26,0x0c00d40000000000,1,Item,302,2,"CGObject,Tag_Item",
199,0x107DF,1,3,Item,0,0x4000000d6a9aee2d,0x0c00d40000000000,1,Item,302,2,"CGObject,Tag_Item",
200,0x10924,1,3,Item,0,0x4000000d6a9c3f4a,0x0c00d40000000000,1,Item,306,2,"CGObject,Tag_Item",
201,0x10A6D,1,3,Item,0,0x4000000d6a9bee8e,0x0c00d40000000000,1,Item,294,2,"CGObject,Tag_Item",
202,0x10BAA,1,3,Item,0,0x4000000d6a9aee42,0x0c00d40000000000,1,Item,284,2,"CGObject,Tag_Item",
203,0x10CDD,1,3,Item,0,0x4000000d6e485622,0x0c00d40000000000,1,Item,302,2,"CGObject,Tag_Item",
204,0x10E22,1,3,Item,0,0x4000000d6e465fd6,0x0c00d40000000000,1,Item,294,2,"CGObject,Tag_Item",
205,0x10F5F,1,3,Item,0,0x400000099d2c0c10,0x0c00d40000000000,1,Item,284,2,"CGObject,Tag_Item",
206,0x11092,1,3,Item,0,0x400000099d2c0ca5,0x0c00d40000000000,1,Item,284,2,"CGObject,Tag_Item",
207,0x111C5,1,3,Item,0,0x4000000979bcbb58,0x0c00d40000000000,1,Item,284,2,"CGObject,Tag_Item",
208,0x112F8,1,3,Item,0,0x40000009848459cb,0x0c00d40000000000,1,Item,284,2,"CGObject,Tag_Item",
209,0x1142B,1,3,Item,0,0x40000009848459cd,0x0c00d40000000000,1,Item,284,2,"CGObject,Tag_Item",
210,0x1155E,1,3,Item,0,0x4000000984845a82,0x0c00d40000000000,1,Item,284,2,"CGObject,Tag_Item",
211,0x11691,1,3,Item,0,0x400000097d470460,0x0c00d40000000000,1,Item,284,2,"CGObject,Tag_Item",
212,0x117C4,1,3,Item,0,0x4000000979ff7100,0x0c00d40000000000,2,Container,485,3,"CGObject,Tag_Item,Tag_Container",
213,0x119BF,1,3,Item,0,0x4000000979ff7101,0x0c00d40000000000,2,Container,485,3,"CGObject,Tag_Item,Tag_Container",
214,0x11BBB,1,3,Item,0,0x4000000979ff70ef,0x0c00d40000000000,4,AzeriteItem,342,3,"CGObject,Tag_Item,Tag_AzeriteItem",
215,0x11D28,1,3,Item,0,0x4000000979ff7104,0x0c00d40000000000,2,Container,485,3,"CGObject,Tag_Item,Tag_Container",
216,0x11F24,1,3,Item,0,0x4000000979ff7105,0x0c00d40000000000,2,Container,485,3,"CGObject,Tag_Item,Tag_Container",
217,0x12120,1,3,Item,0,0x4000000979ffab6c,0x0c00d40000000000,1,Item,284,2,"CGObject,Tag_Item",
218,0x12253,1,3,Item,0,0x400000097e9f8abf,0x0c00d40000000000,1,Item,284,2,"CGObject,Tag_Item",
219,0x12386,1,3,Item,0,0x4000000979e989a5,0x0c00d40000000000,2,Container,485,3,"CGObject,Tag_Item,Tag_Container",
220,0x12582,1,3,Item,0,0x4000000999d2d95e,0x0c00d40000000000,1,Item,284,2,"CGObject,Tag_Item",
221,0x126B5,1,3,Item,0,0x4000000999d2cf8d,0x0c00d40000000000,1,Item,284,2,"CGObject,Tag_Item",
222,0x127E8,1,3,Item,0,0x40000009d01f8346,0x0c00d40000000000,1,Item,284,2,"CGObject,Tag_Item",
223,0x1291B,1,3,Item,0,0x400000098c531319,0x0c00d40000000000,1,Item,284,2,"CGObject,Tag_Item",
224,0x12A4E,1,3,Item,0,0x400000097cd647cb,0x0c00d40000000000,1,Item,284,2,"CGObject,Tag_Item",
225,0x12B81,1,3,Item,0,0x400000097cd74038,0x0c00d40000000000,1,Item,284,2,"CGObject,Tag_Item",
226,0x12CB4,1,3,Item,0,0x400000099aaa1f4e,0x0c00d40000000000,1,Item,284,2,"CGObject,Tag_Item",
227,0x12DE7,1,3,Item,0,0x40000009d01f489e,0x0c00d40000000000,1,Item,284,2,"CGObject,Tag_Item",
228,0x12F1A,1,3,Item,0,0x40000009d01f4868,0x0c00d40000000000,1,Item,284,2,"CGObject,Tag_Item",
229,0x1304D,1,3,Item,0,0x40000009d01ea8a1,0x0c00d40000000000,1,Item,284,2,"CGObject,Tag_Item",
230,0x13180,1,3,Item,0,0x400000099aaa1ffc,0x0c00d40000000000,1,Item,284,2,"CGObject,Tag_Item",
231,0x132B3,1,3,Item,0,0x40000009d01ebf15,0x0c00d40000000000,1,Item,284,2,"CGObject,Tag_Item",
232,0x133E6,1,3,Item,0,0x400000099aabf3fb,0x0c00d40000000000,1,Item,284,2,"CGObject,Tag_Item",
233,0x13519,1,3,Item,0,0x40000009d01f98ab,0x0c00d40000000000,1,Item,284,2,"CGObject,Tag_Item",
234,0x1364C,1,3,Item,0,0x40000009d01f98c5,0x0c00d40000000000,1,Item,284,2,"CGObject,Tag_Item",
235,0x1377F,1,3,Item,0,0x40000009d01f98d3,0x0c00d40000000000,1,Item,284,2,"CGObject,Tag_Item",
236,0x138B2,1,3,Item,0,0x400000097a094f2b,0x0c00d40000000000,1,Item,284,2,"CGObject,Tag_Item",
237,0x139E5,1,3,Item,0,0x4000000981443a1e,0x0c00d40000000000,1,Item,297,2,"CGObject,Tag_Item",
238,0x13B25,1,3,Item,0,0x40000009858e8f48,0x0c00d40000000000,1,Item,284,2,"CGObject,Tag_Item",
239,0x13C58,1,3,Item,0,0x40000009887e8120,0x0c00d40000000000,1,Item,284,2,"CGObject,Tag_Item",
240,0x13D8B,1,3,Item,0,0x4000000987ae7181,0x0c00d40000000000,1,Item,284,2,"CGObject,Tag_Item",
241,0x13EBE,1,3,Item,0,0x4000000987adf64a,0x0c00d40000000000,1,Item,284,2,"CGObject,Tag_Item",
242,0x13FF1,1,3,Item,0,0x40000009887c64c5,0x0c00d40000000000,1,Item,284,2,"CGObject,Tag_Item",
243,0x14124,1,3,Item,0,0x40000009887c64fb,0x0c00d40000000000,1,Item,284,2,"CGObject,Tag_Item",
244,0x14257,1,3,Item,0,0x40000009887bf52e,0x0c00d40000000000,1,Item,284,2,"CGObject,Tag_Item",
245,0x1438A,1,3,Item,0,0x400000098bcd29e4,0x0c00d40000000000,1,Item,284,2,"CGObject,Tag_Item",
246,0x144BD,1,3,Item,0,0x4000000c7034c490,0x0c00d40000000000,1,Item,284,2,"CGObject,Tag_Item",
247,0x145F0,1,3,Item,0,0x4000000c8b6fae46,0x0c00d40000000000,1,Item,289,2,"CGObject,Tag_Item",
248,0x14728,1,3,Item,0,0x4000000c94fde30a,0x0c00d40000000000,1,Item,309,2,"CGObject,Tag_Item",
249,0x14874,1,3,Item,0,0x4000000c74e7dd7c,0x0c00d40000000000,1,Item,289,2,"CGObject,Tag_Item",
250,0x149AC,1,3,Item,0,0x400000098bb79155,0x0c00d40000000000,1,Item,284,2,"CGObject,Tag_Item",
251,0x14ADF,1,3,Item,0,0x400000098fef7286,0x0c00d40000000000,1,Item,284,2,"CGObject,Tag_Item",
252,0x14C12,1,3,Item,0,0x4000000993c378d5,0x0c00d40000000000,1,Item,284,2,"CGObject,Tag_Item",
253,0x14D45,1,3,Item,0,0x400000099508ad33,0x0c00d40000000000,1,Item,284,2,"CGObject,Tag_Item",
254,0x14E78,1,3,Item,0,0x400000099b77ea81,0x0c00d40000000000,1,Item,284,2,"CGObject,Tag_Item",
255,0x14FAB,1,3,Item,0,0x400000099b727df6,0x0c00d40000000000,1,Item,284,2,"CGObject,Tag_Item",
256,0x150DE,1,3,Item,0,0x40000009d0e41467,0x0c00d40000000000,1,Item,284,2,"CGObject,Tag_Item",
257,0x15211,1,3,Item,0,0x40000009d0e3ec35,0x0c00d40000000000,1,Item,284,2,"CGObject,Tag_Item",
258,0x15344,1,3,Item,0,0x4000000c974009d5,0x0c00d40000000000,1,Item,317,2,"CGObject,Tag_Item",
259,0x15498,1,3,Item,0,0x4000000c88b40aa8,0x0c00d40000000000,1,Item,318,2,"CGObject,Tag_Item",
260,0x155ED,1,3,Item,0,0x4000000c88b43211,0x0c00d40000000000,1,Item,313,2,"CGObject,Tag_Item",
261,0x1573D,1,3,Item,0,0x4000000c88b89434,0x0c00d40000000000,1,Item,284,2,"CGObject,Tag_Item",
262,0x15870,1,3,Item,0,0x4000000c88bc7733,0x0c00d40000000000,1,Item,313,2,"CGObject,Tag_Item",
263,0x159C0,1,3,Item,0,0x4000000c8a2cdeee,0x0c00d40000000000,1,Item,309,2,"CGObject,Tag_Item",
264,0x15B0C,1,3,Item,0,0x4000000c7035c7af,0x0c00d40000000000,1,Item,284,2,"CGObject,Tag_Item",
265,0x15C3F,1,3,Item,0,0x4000000c7035c7b0,0x0c00d40000000000,1,Item,284,2,"CGObject,Tag_Item",
266,0x15D72,1,3,Item,0,0x4000000c713138c7,0x0c00d40000000000,1,Item,284,2,"CGObject,Tag_Item",
267,0x15EA5,1,3,Item,0,0x4000000c7035c7ad,0x0c00d40000000000,1,Item,284,2,"CGObject,Tag_Item",
268,0x15FD8,1,3,Item,0,0x4000000c714887ad,0x0c00d40000000000,1,Item,289,2,"CGObject,Tag_Item",
269,0x16110,1,3,Item,0,0x4000000c712fddaf,0x0c00d40000000000,1,Item,284,2,"CGObject,Tag_Item",
270,0x16243,1,3,Item,0,0x4000000c8d7eab4d,0x0c00d40000000000,1,Item,309,2,"CGObject,Tag_Item",
271,0x1638F,1,3,Item,0,0x4000000c9028e059,0x0c00d40000000000,1,Item,284,2,"CGObject,Tag_Item",
272,0x164C2,1,3,Item,0,0x4000000c73658fc7,0x0c00d40000000000,1,Item,284,2,"CGObject,Tag_Item",
273,0x165F5,1,3,Item,0,0x4000000c73624966,0x0c00d40000000000,1,Item,284,2,"CGObject,Tag_Item",
274,0x16728,1,3,Item,0,0x4000000c73d91499,0x0c00d40000000000,1,Item,289,2,"CGObject,Tag_Item",
275,0x16860,1,3,Item,0,0x4000000c909f19db,0x0c00d40000000000,1,Item,289,2,"CGObject,Tag_Item",
276,0x16998,1,3,Item,0,0x4000000c94fe991c,0x0c00d40000000000,1,Item,313,2,"CGObject,Tag_Item",
277,0x16AE8,1,3,Item,0,0x4000000c94ff03a1,0x0c00d40000000000,1,Item,309,2,"CGObject,Tag_Item",
278,0x16C34,1,3,Item,0,0x4000000c749b8c0e,0x0c00d40000000000,1,Item,289,2,"CGObject,Tag_Item",
279,0x16D6C,1,3,Item,0,0x4000000c74e8ef9a,0x0c00d40000000000,1,Item,294,2,"CGObject,Tag_Item",
280,0x16EA9,1,3,Item,0,0x4000000c74ea5af3,0x0c00d40000000000,1,Item,284,2,"CGObject,Tag_Item",
281,0x16FDC,1,3,Item,0,0x4000000c75912c48,0x0c00d40000000000,1,Item,284,2,"CGObject,Tag_Item",
282,0x1710F,1,3,Item,0,0x4000000c9428062d,0x0c00d40000000000,1,Item,284,2,"CGObject,Tag_Item",
283,0x17242,1,3,Item,0,0x4000000c7586c819,0x0c00d40000000000,1,Item,311,2,"CGObject,Tag_Item",
284,0x17390,1,3,Item,0,0x40000009c560682c,0x0c00d40000000000,1,Item,284,2,"CGObject,Tag_Item",
285,0x174C3,1,3,Item,0,0x4000000c7c2de4be,0x0c00d40000000000,1,Item,314,2,"CGObject,Tag_Item",
286,0x17614,1,3,Item,0,0x4000000c7cbb37b0,0x0c00d40000000000,1,Item,301,2,"CGObject,Tag_Item",
287,0x17758,1,3,Item,0,0x4000000c7cb9feaf,0x0c00d40000000000,1,Item,294,2,"CGObject,Tag_Item",
288,0x17895,1,3,Item,0,0x4000000c7cb7a24f,0x0c00d40000000000,1,Item,284,2,"CGObject,Tag_Item",
289,0x179C8,1,3,Item,0,0x4000000c7cba425b,0x0c00d40000000000,1,Item,294,2,"CGObject,Tag_Item",
290,0x17B05,1,3,Item,0,0x4000000c7cb9fec6,0x0c00d40000000000,1,Item,284,2,"CGObject,Tag_Item",
291,0x17C38,1,3,Item,0,0x4000000c7cbaa3d7,0x0c00d40000000000,1,Item,284,2,"CGObject,Tag_Item",
292,0x17D6B,1,3,Item,0,0x4000000c7cb6e5a3,0x0c00d40000000000,1,Item,294,2,"CGObject,Tag_Item",
293,0x17EA8,1,3,Item,0,0x4000000c7d5d9646,0x0c00d40000000000,1,Item,284,2,"CGObject,Tag_Item",
294,0x17FDB,1,3,Item,0,0x4000000c7d5d4dbc,0x0c00d40000000000,1,Item,322,2,"CGObject,Tag_Item",
295,0x18134,1,3,Item,0,0x40000009cff15154,0x0c00d40000000000,1,Item,284,2,"CGObject,Tag_Item",
296,0x18267,1,3,Item,0,0x40000009cff181f1,0x0c00d40000000000,1,Item,284,2,"CGObject,Tag_Item",
297,0x1839A,1,3,Item,0,0x40000009cfed66ca,0x0c00d40000000000,1,Item,284,2,"CGObject,Tag_Item",
298,0x184CD,1,3,Item,0,0x40000009cff0ff10,0x0c00d40000000000,1,Item,289,2,"CGObject,Tag_Item",
299,0x18605,1,3,Item,0,0x40000009cfef119f,0x0c00d40000000000,1,Item,284,2,"CGObject,Tag_Item",
300,0x18738,1,3,Item,0,0x40000009cff18e23,0x0c00d40000000000,1,Item,284,2,"CGObject,Tag_Item",
301,0x1886B,1,3,Item,0,0x40000009cff12633,0x0c00d40000000000,1,Item,284,2,"CGObject,Tag_Item",
302,0x1899E,1,3,Item,0,0x40000009cff14e56,0x0c00d40000000000,1,Item,284,2,"CGObject,Tag_Item",
303,0x18AD1,1,3,Item,0,0x40000009cff12d17,0x0c00d40000000000,1,Item,284,2,"CGObject,Tag_Item",
304,0x18C04,1,3,Item,0,0x40000009cff130ee,0x0c00d40000000000,1,Item,284,2,"CGObject,Tag_Item",
305,0x18D37,1,3,Item,0,0x40000009cff12eab,0x0c00d40000000000,1,Item,284,2,"CGObject,Tag_Item",
306,0x18E6A,1,3,Item,0,0x40000009d0e28439,0x0c00d40000000000,1,Item,284,2,"CGObject,Tag_Item",
307,0x18F9D,1,3,Item,0,0x40000009d0e26283,0x0c00d40000000000,1,Item,284,2,"CGObject,Tag_Item",
308,0x190D0,1,3,Item,0,0x4000000000d9d7f7,0x0c168c0000000000,2,Container,802,3,"CGObject,Tag_Item,Tag_Container",
309,0x19408,1,3,Item,0,0x40000000013ccd83,0x0c168c0000000000,2,Container,483,3,"CGObject,Tag_Item,Tag_Container",
310,0x19602,1,3,Item,0,0x4000000000d9d813,0x0c168c0000000000,1,Item,283,2,"CGObject,Tag_Item",
311,0x19733,1,3,Item,0,0x4000000000d9d80d,0x0c168c0000000000,1,Item,283,2,"CGObject,Tag_Item",
312,0x19864,1,3,Item,0,0x4000000000d9d823,0x0c168c0000000000,1,Item,293,2,"CGObject,Tag_Item",
313,0x1999F,1,3,Item,0,0x4000000000d9d810,0x0c168c0000000000,1,Item,283,2,"CGObject,Tag_Item",
314,0x19AD0,1,3,Item,0,0x4000000000d9d825,0x0c168c0000000000,1,Item,293,2,"CGObject,Tag_Item",
315,0x19C0B,1,3,Item,0,0x4000000000d9d818,0x0c168c0000000000,1,Item,293,2,"CGObject,Tag_Item",
316,0x19D46,1,3,Item,0,0x4000000000d9d80f,0x0c168c0000000000,1,Item,283,2,"CGObject,Tag_Item",
317,0x19E77,1,3,Item,0,0x4000000000d9d81b,0x0c168c0000000000,1,Item,283,2,"CGObject,Tag_Item",
318,0x19FA8,1,3,Item,0,0x4000000000d9d827,0x0c168c0000000000,1,Item,293,2,"CGObject,Tag_Item",
319,0x1A0E3,1,3,Item,0,0x4000000000d9d812,0x0c168c0000000000,1,Item,283,2,"CGObject,Tag_Item",
320,0x1A214,1,3,Item,0,0x4000000000d9d819,0x0c168c0000000000,1,Item,293,2,"CGObject,Tag_Item",
321,0x1A34F,1,3,Item,0,0x4000000000d9d829,0x0c168c0000000000,1,Item,293,2,"CGObject,Tag_Item",
322,0x1A48A,1,3,Item,0,0x4000000000d9d80b,0x0c168c0000000000,1,Item,283,2,"CGObject,Tag_Item",
323,0x1A5BB,1,3,Item,0,0x4000000000d9d81f,0x0c168c0000000000,1,Item,283,2,"CGObject,Tag_Item",
324,0x1A6EC,1,3,Item,0,0x4000000000d9d811,0x0c168c0000000000,1,Item,283,2,"CGObject,Tag_Item",
325,0x1A81D,1,3,Item,0,0x4000000000d9d821,0x0c168c0000000000,1,Item,293,2,"CGObject,Tag_Item",
326,0x1A958,1,3,Item,0,0x4000000000d9d822,0x0c168c0000000000,1,Item,283,2,"CGObject,Tag_Item",
327,0x1AA89,1,3,Item,0,0x4000000000d9d814,0x0c168c0000000000,1,Item,293,2,"CGObject,Tag_Item",
328,0x1ABC4,1,3,Item,0,0x4000000000d9d81d,0x0c168c0000000000,1,Item,283,2,"CGObject,Tag_Item",
329,0x1ACF5,1,3,Item,0,0x4000000000d9d80e,0x0c168c0000000000,1,Item,283,2,"CGObject,Tag_Item",
330,0x1AE26,1,3,Item,0,0x4000000000d9d817,0x0c168c0000000000,1,Item,293,2,"CGObject,Tag_Item",
331,0x1AF61,1,3,Item,0,0x4000000000d9d81c,0x0c168c0000000000,1,Item,283,2,"CGObject,Tag_Item",
332,0x1B092,1,3,Item,0,0x4000000000d9d81e,0x0c168c0000000000,1,Item,283,2,"CGObject,Tag_Item",
333,0x1B1C3,1,3,Item,0,0x4000000000d9d80c,0x0c168c0000000000,1,Item,283,2,"CGObject,Tag_Item",
334,0x1B2F4,1,3,Item,0,0x4000000000d9d824,0x0c168c0000000000,1,Item,293,2,"CGObject,Tag_Item",
335,0x1B42F,1,3,Item,0,0x4000000000d9d828,0x0c168c0000000000,1,Item,293,2,"CGObject,Tag_Item",
336,0x1B56A,1,3,Item,0,0x4000000000d9d80a,0x0c168c0000000000,1,Item,288,2,"CGObject,Tag_Item",
337,0x1B6A0,1,3,Item,0,0x4000000000d9d820,0x0c168c0000000000,1,Item,283,2,"CGObject,Tag_Item",
338,0x1B7D1,1,3,Item,0,0x4000000000d9d816,0x0c168c0000000000,1,Item,293,2,"CGObject,Tag_Item",
339,0x1B90C,1,3,Item,0,0x4000000000d9d82a,0x0c168c0000000000,1,Item,293,2,"CGObject,Tag_Item",
340,0x1BA47,1,3,Item,0,0x4000000000d9d81a,0x0c168c0000000000,1,Item,283,2,"CGObject,Tag_Item",
341,0x1BB78,1,3,Item,0,0x4000000000d9d826,0x0c168c0000000000,1,Item,293,2,"CGObject,Tag_Item",
342,0x1BCB3,1,3,Item,0,0x4000000000d9d815,0x0c168c0000000000,1,Item,293,2,"CGObject,Tag_Item",
343,0x1BDEE,1,3,Item,0,0x40000000013ccd67,0x0c168c0000000000,1,Item,293,2,"CGObject,Tag_Item",
344,0x1BF2A,1,3,Item,0,0x40000000013ccd6a,0x0c168c0000000000,1,Item,283,2,"CGObject,Tag_Item",
345,0x1C05C,1,3,Item,0,0x40000000013ccd6b,0x0c168c0000000000,1,Item,283,2,"CGObject,Tag_Item",
346,0x1C18E,1,3,Item,0,0x40000000013ccd6e,0x0c168c0000000000,1,Item,283,2,"CGObject,Tag_Item",
347,0x1C2C0,1,3,Item,0,0x40000000013ccd69,0x0c168c0000000000,1,Item,283,2,"CGObject,Tag_Item",
348,0x1C3F2,1,3,Item,0,0x40000000013ccd63,0x0c168c0000000000,1,Item,283,2,"CGObject,Tag_Item",
349,0x1C524,1,3,Item,0,0x40000000013ccd68,0x0c168c0000000000,1,Item,283,2,"CGObject,Tag_Item",
350,0x1C656,1,3,Item,0,0x40000000013ccd66,0x0c168c0000000000,1,Item,283,2,"CGObject,Tag_Item",
351,0x1C788,1,3,Item,0,0x40000000013ccd64,0x0c168c0000000000,1,Item,283,2,"CGObject,Tag_Item",
352,0x1C8BA,1,3,Item,0,0x40000000013ccd6d,0x0c168c0000000000,1,Item,283,2,"CGObject,Tag_Item",
353,0x1C9EC,1,3,Item,0,0x40000000013ccd65,0x0c168c0000000000,1,Item,283,2,"CGObject,Tag_Item",
354,0x1CB1E,1,55,Housing,3,0x000000001756226e,0xdc60000000008007,18,HousingEntity,56,1,FHousingPlayerHouse_C,
355,0x1CB6D,1,55,Housing,2,0x0000000000000021,0xdc40000000000012,18,HousingEntity,85,3,"FHousingRoom_C,FMirroredPositionData_C,Tag_HousingRoom",
356,0x1CBE5,1,55,Housing,3,0x0000000011f03667,0xdc60000000008007,18,HousingEntity,56,1,FHousingPlayerHouse_C,
357,0x1CC34,1,8,Creature,1,0x02a7aa000ddfa3b0,0x203cad55e0e8fe00,5,Unit,-1,-1,<UNPARSED>,840000effeb0a3df0daaa702fee8e055ad3c200100000000000000000000008679979187ac0845552190c35f88c242c0e5bb4000000000000000000000000000
358,0x1D14E,1,55,Housing,3,0x0000000012578ea3,0xdc60000000010007,18,HousingEntity,55,1,FHousingPlayerHouse_C,
359,0x1D19C,1,11,GameObject,1,0x02a7aa0000dfa3b3,0x2c3cad55e22f5800,8,GameObject,113,2,"CGObject,Tag_GameObject",
360,0x1D241,1,11,GameObject,1,0x02a7aa0008dfa3af,0x2c3cad55e1be6d80,8,GameObject,133,3,"CGObject,FJamHousingCornerstone_C,Tag_GameObject",
361,0x1D2FC,1,55,Housing,3,0x000000000310568e,0xdc60000000008007,18,HousingEntity,56,1,FHousingPlayerHouse_C,
362,0x1D34B,1,8,Creature,1,0x02a7aa0008dfa3b1,0x203cad55e0f18080,5,Unit,-1,-1,<UNPARSED>,940000efffb1a3df08aaa7028080f1e055ad3c2001020000000000000000000086799791eb960a450030b0c3618cd64261ddb13e000000000000000000000000
363,0x1DDCA,1,55,Housing,3,0x00000000033de1ff,0xdc60000000010007,18,HousingEntity,56,1,FHousingPlayerHouse_C,
364,0x1DE19,1,8,Creature,1,0x02a7aa00085fa3b0,0x203cad55e0ef3b40,5,Unit,-1,-1,<UNPARSED>,840000efffb0a35f08aaa702403befe055ad3c2001000000000000000000000086799791f24a044500408ec32c75b442f52c8c40000000000000000000000000
365,0x1E1BB,1,55,Housing,3,0x0000000012dd9a0b,0xdc60000000008007,18,HousingEntity,56,1,FHousingPlayerHouse_C,
366,0x1E20A,1,11,GameObject,1,0x02a7aa00005fa3b3,0x2c3cad55e2343f80,8,GameObject,113,2,"CGObject,Tag_GameObject",
367,0x1E2B0,1,8,Creature,1,0x02a7aa0005dfa3b0,0x203cad55e0e5ef80,5,Unit,-1,-1,<UNPARSED>,840000efffb0a3df05aaa70280efe5e055ad3c20000000000000000000000000867997915b7c04450b93a2c3d43ec242b3fa8c40000000000000000000000000
368,0x1EE9C,1,11,GameObject,1,0x02a7aa0000dfa3af,0x2c3cad55e22f5800,8,GameObject,113,2,"CGObject,Tag_GameObject",
369,0x1EF41,1,8,Creature,1,0x02a7aa00095fa3af,0x203cad55e0ee7180,5,Unit,-1,-1,<UNPARSED>,840000efffafa35f09aaa7028071eee055ad3c200000000000000000000000008679979101250c451e6fc0c3757ed4424c27ac40000000000000000000000000
370,0x1F29B,1,11,GameObject,1,0x02a7aa00125fa3af,0x2c3cad55e1be6d80,8,GameObject,133,3,"CGObject,FJamHousingCornerstone_C,Tag_GameObject",
371,0x1F356,1,2,Player,0,0x000000000c610517,0x0800d40000000000,7,ActivePlayer,109586,5,"CGObject,PlayerHouseInfoComponent_C,PlayerInitiativeComponent_C,Tag_Unit,Tag_Player",
372,0x3A03C,1,55,Housing,3,0x00000000151d9ea8,0xdc60000000008007,18,HousingEntity,56,1,FHousingPlayerHouse_C,
373,0x3A08B,1,55,Housing,2,0x0000000000000014,0xdc40000000000012,18,HousingEntity,85,3,"FHousingRoom_C,FMirroredPositionData_C,Tag_HousingRoom",
374,0x3A103,1,11,GameObject,1,0x02a7aa000bdfa3af,0x2c3cad55e1be6d80,8,GameObject,133,3,"CGObject,FJamHousingCornerstone_C,Tag_GameObject",
375,0x3A1BE,1,55,Housing,3,0x0000000044864522,0xdc60000000008007,18,HousingEntity,56,1,FHousingPlayerHouse_C,
376,0x3A20D,1,11,GameObject,1,0x02a7aa00005fa3b3,0x2c3cad55e23da480,8,GameObject,113,2,"CGObject,Tag_GameObject",
377,0x3A2B3,1,11,GameObject,1,0x02a7aa00005fa3b4,0x2c3cad55e22f5800,8,GameObject,113,2,"CGObject,Tag_GameObject",
378,0x3A358,1,11,GameObject,1,0x02a7aa0006dfa3af,0x2c3cad55e1be6d80,8,GameObject,133,3,"CGObject,FJamHousingCornerstone_C,Tag_GameObject",
379,0x3A413,1,8,Creature,1,0x02a7aa00035fa3b1,0x203cad55e0f18080,5,Unit,-1,-1,<UNPARSED>,940000efffb1a35f03aaa7028080f1e055ad3c2001020000000000000000000087799791b2b60345abd2a4c34387cd42097fe53f000000000000000000000000
380,0x3A91D,1,55,Housing,3,0x00000000040e73f0,0xdc60000000008007,18,HousingEntity,56,1,FHousingPlayerHouse_C,
381,0x3A96C,1,55,Housing,3,0x0000000014e2d7cf,0xdc60000000008007,18,HousingEntity,56,1,FHousingPlayerHouse_C,
382,0x3A9BB,1,55,Housing,3,0x00000000001a8d9b,0xdc60000000008007,18,HousingEntity,55,1,FHousingPlayerHouse_C,
383,0x3AA08,1,55,Housing,2,0x0000000000000029,0xdc40000000000012,18,HousingEntity,85,3,"FHousingRoom_C,FMirroredPositionData_C,Tag_HousingRoom",
384,0x3AA80,1,55,Housing,3,0x00000000052fbcb6,0xdc60000000008007,18,HousingEntity,56,1,FHousingPlayerHouse_C,
385,0x3AACF,1,11,GameObject,1,0x02a7aa00005fa3b0,0x2c3cad55e2344900,8,GameObject,113,2,"CGObject,Tag_GameObject",
386,0x3AB74,1,55,Housing,3,0x0000000004480462,0xdc60000000008007,18,HousingEntity,56,1,FHousingPlayerHouse_C,
387,0x3ABC3,1,55,Housing,3,0x000000000348971c,0xdc60000000010007,18,HousingEntity,56,1,FHousingPlayerHouse_C,
388,0x3AC12,1,11,GameObject,1,0x02a7aa00105fa3af,0x2c3cad55e1be6d80,8,GameObject,133,3,"CGObject,FJamHousingCornerstone_C,Tag_GameObject",
389,0x3ACCD,1,11,GameObject,1,0x02a7aa0000dfa3b1,0x2c3cad55e255e2c0,8,GameObject,113,2,"CGObject,Tag_GameObject",
390,0x3AD73,1,55,Housing,3,0x000000000306cf18,0xdc60000000008007,18,HousingEntity,56,1,FHousingPlayerHouse_C,
391,0x3ADC2,1,11,GameObject,1,0x02a7aa00005fa3b3,0x2c3cad55e255e280,8,GameObject,113,2,"CGObject,Tag_GameObject",
392,0x3AE68,1,55,Housing,3,0x0000000004680be7,0xdc60000000008007,18,HousingEntity,56,1,FHousingPlayerHouse_C,
393,0x3AEB7,1,55,Housing,3,0x0000000004c846a3,0xdc60000000008007,18,HousingEntity,56,1,FHousingPlayerHouse_C,
394,0x3AF06,1,11,GameObject,1,0x02a7aa0000dfa3b0,0x2c3cad55e255e280,8,GameObject,113,2,"CGObject,Tag_GameObject",
395,0x3AFAC,1,11,GameObject,1,0x02a7aa00005fa3b0,0x2c3cad55e232c240,8,GameObject,113,2,"CGObject,Tag_GameObject",
396,0x3B052,1,55,Housing,3,0x000000000302e209,0xdc60000000008007,18,HousingEntity,56,1,FHousingPlayerHouse_C,
397,0x3B0A1,1,11,GameObject,1,0x02a7aa0000dfa3af,0x2c3cad55e1be6d80,8,GameObject,133,3,"CGObject,FJamHousingCornerstone_C,Tag_GameObject",
398,0x3B15B,1,11,GameObject,1,0x02a7aa00005fa3b0,0x2c3cad55e232bec0,8,GameObject,113,2,"CGObject,Tag_GameObject",
399,0x3B201,1,11,GameObject,1,0x02a7aa00015fa3b1,0x2c3cad55e232bec0,8,GameObject,113,2,"CGObject,Tag_GameObject",
400,0x3B2A8,1,11,GameObject,1,0x02a7aa00005fa3b0,0x2c3cad55e24bf9c0,8,GameObject,113,2,"CGObject,Tag_GameObject",
401,0x3B34E,1,8,Creature,1,0x02a7aa0007dfa3b2,0x203cad55e0e57c40,5,Unit,-1,-1,<UNPARSED>,840000efffb2a3df07aaa702407ce5e055ad3c2001000000000000000000000087799791ab2d09450066b0c3fc15c542a83a2c40000000000000000000000000
402,0x3B6F0,1,55,Housing,3,0x000000001218b490,0xdc60000000008007,18,HousingEntity,56,1,FHousingPlayerHouse_C,
403,0x3B73F,1,11,GameObject,1,0x02a7aa0004dfa3af,0x2c3cad55e1be6d80,8,GameObject,133,3,"CGObject,FJamHousingCornerstone_C,Tag_GameObject",
404,0x3B7FA,1,55,Housing,2,0x0000000000000012,0xdc40000000000012,18,HousingEntity,86,3,"FHousingRoom_C,FMirroredPositionData_C,Tag_HousingRoom",
405,0x3B873,1,11,GameObject,1,0x02a7aa000fdfa3af,0x2c3cad55e1be6d80,8,GameObject,133,3,"CGObject,FJamHousingCornerstone_C,Tag_GameObject",
406,0x3B92E,1,11,GameObject,1,0x02a7aa00005fa3b3,0x2c3cad55e2344040,8,GameObject,113,2,"CGObject,Tag_GameObject",
407,0x3B9D4,1,11,GameObject,1,0x02a7aa00005fa3b2,0x2c3cad55e2344940,8,GameObject,113,2,"CGObject,Tag_GameObject",
408,0x3BA7A,1,55,Housing,3,0x000000000313d852,0xdc60000000008007,18,HousingEntity,56,1,FHousingPlayerHouse_C,
409,0x3BAC9,1,8,Creature,1,0x02a7aa001f5fa3b1,0x203cad55e0e58480,5,Unit,-1,-1,<UNPARSED>,840000efffb1a35f1faaa7028084e5e055ad3c20010000000000000000000000877997916b720a4572409fc3245cc7428e70b040000000000000000000000000
410,0x3CE44,1,55,Housing,3,0x0000000017798419,0xdc60000000010007,18,HousingEntity,56,1,FHousingPlayerHouse_C,
411,0x3CE93,1,11,GameObject,1,0x02a7aa0018dfa3af,0x2c3cad55e1be6d80,8,GameObject,133,3,"CGObject,FJamHousingCornerstone_C,Tag_GameObject",
412,0x3CF4E,1,8,Creature,1,0x02a7aa00005fa3af,0x203cad55e0e5ef00,5,Unit,-1,-1,<UNPARSED>,840000e7feafa35faaa702efe5e055ad3c2000000000000000000000000087799791f9020b45391e83c354aafd42f5f5853f0000000000000000000000000000
413,0x3D293,1,55,Housing,3,0x0000000003014ea7,0xdc60000000010007,18,HousingEntity,56,1,FHousingPlayerHouse_C,
414,0x3D2E2,1,11,GameObject,1,0x02a7aa00135fa3af,0x2c3cad55e1be6d80,8,GameObject,133,3,"CGObject,FJamHousingCornerstone_C,Tag_GameObject",
415,0x3D39D,1,8,Creature,1,0x02a7aa0001dfa3b2,0x203cad55e0e8fd80,5,Unit,-1,-1,<UNPARSED>,840000efffb2a3df01aaa70280fde8e055ad3c2000000000000000000000000087799791b2fb0d45ab0faac3aa3ccf4270c60740000000000000000000000000
416,0x3DBD5,1,55,Housing,3,0x000000001207dc28,0xdc60000000008007,18,HousingEntity,56,1,FHousingPlayerHouse_C,
417,0x3DC24,1,55,Housing,3,0x00000000001019a2,0xdc60000000008007,18,HousingEntity,55,1,FHousingPlayerHouse_C,
418,0x3DC71,1,8,Creature,1,0x02a7aa001adfa3b1,0x203cad55e0e8fe00,5,Unit,-1,-1,<UNPARSED>,840000effeb1a3df1aaaa702fee8e055ad3c200100000000000000000000008779979140c90345c71fafc3e6a5c242cbfd9c4000000000000000000000000000
419,0x3E011,1,55,Housing,4,0x0000000000006cf0,0xdc80000100000000,18,HousingEntity,906,1,FNeighborhoodMirrorData_C,
420,0x3E3AF,1,55,Housing,3,0x0000000004014031,0xdc60000000008007,18,HousingEntity,56,1,FHousingPlayerHouse_C,
421,0x3E3FE,1,11,GameObject,1,0x02a7aa00015fa3af,0x2c3cad55e1be6d80,8,GameObject,133,3,"CGObject,FJamHousingCornerstone_C,Tag_GameObject",
422,0x3E4B9,1,11,GameObject,1,0x02a7aa000f5fa3af,0x2c3cad55e1be6d80,8,GameObject,133,3,"CGObject,FJamHousingCornerstone_C,Tag_GameObject",
423,0x3E574,1,11,GameObject,1,0x02a7aa00075fa3af,0x2c3cad55e1be6d80,8,GameObject,133,3,"CGObject,FJamHousingCornerstone_C,Tag_GameObject",
424,0x3E62F,1,11,GameObject,1,0x02a7aa00055fa3af,0x2c3cad55e1be6d80,8,GameObject,133,3,"CGObject,FJamHousingCornerstone_C,Tag_GameObject",
425,0x3E6EA,1,8,Creature,1,0x02a7aa0003dfa3b1,0x203cad55e0e5ef80,5,Unit,-1,-1,<UNPARSED>,840000efffb1a3df03aaa70280efe5e055ad3c200000000000000000000000008779979172090e45383190c39e69e94270231c40000000000000000000000000
426,0x3F4B0,1,55,Housing,3,0x0000000005a86fc2,0xdc60000000008007,18,HousingEntity,56,1,FHousingPlayerHouse_C,
427,0x3F4FF,1,11,GameObject,1,0x02a7aa00005fa3b1,0x2c3cad55e255e2c0,8,GameObject,113,2,"CGObject,Tag_GameObject",
428,0x3F5A5,1,8,Creature,1,0x02a7aa00025fa3b2,0x203cad55e0f18080,5,Unit,-1,-1,<UNPARSED>,940000efffb2a35f02aaa7028080f1e055ad3c20010200000000000000000000877997915552064555fd8dc3071bc642097fe53f000000000000000000000000
429,0x3FFB9,1,55,Housing,3,0x00000000044fce18,0xdc60000000008007,18,HousingEntity,56,1,FHousingPlayerHouse_C,
430,0x40008,1,11,GameObject,1,0x02a7aa00005fa3b1,0x2c3cad55e255e280,8,GameObject,113,2,"CGObject,Tag_GameObject",
431,0x400AE,1,55,Housing,3,0x0000000016bae6b2,0xdc60000000008007,18,HousingEntity,56,1,FHousingPlayerHouse_C,
432,0x400FD,1,11,GameObject,1,0x02a7aa00035fa3af,0x2c3cad55e1be6d80,8,GameObject,133,3,"CGObject,FJamHousingCornerstone_C,Tag_GameObject",
433,0x401B8,1,11,GameObject,1,0x02a7aa00005fa3b0,0x2c3cad55e23afec0,8,GameObject,113,2,"CGObject,Tag_GameObject",
434,0x4025E,1,55,Housing,3,0x0000000004ff1ced,0xdc60000000008007,18,HousingEntity,56,1,FHousingPlayerHouse_C,
435,0x402AD,1,11,GameObject,1,0x02a7aa0000dfa3b0,0x2c3cad55e230f800,8,GameObject,113,2,"CGObject,Tag_GameObject",
436,0x40352,1,55,Housing,3,0x00000000001e8651,0xdc60000000008007,18,HousingEntity,55,1,FHousingPlayerHouse_C,
437,0x4039F,1,11,GameObject,1,0x02a7aa0000dfa3b0,0x2c3cad55e232c500,8,GameObject,113,2,"CGObject,Tag_GameObject",
438,0x40444,1,55,Housing,3,0x0000000003089f08,0xdc60000000008007,18,HousingEntity,56,1,FHousingPlayerHouse_C,
439,0x40493,1,11,GameObject,1,0x02a7aa0001dfa3b3,0x2c3cad55e22f5800,8,GameObject,113,2,"CGObject,Tag_GameObject",
440,0x40539,1,8,Creature,1,0x02a7aa00025fa3b2,0x203cad55e0e58340,5,Unit,-1,-1,<UNPARSED>,840000efffb2a35f02aaa7024083e5e055ad3c20000000000000000000000000877997917ac50945913396c3d0a0c842c0839740000000000000000000000000
441,0x40D96,1,55,Housing,3,0x0000000003169b5f,0xdc60000000008007,18,HousingEntity,56,1,FHousingPlayerHouse_C,
442,0x40DE5,1,55,Housing,3,0x00000000000905aa,0xdc60000000008007,18,HousingEntity,55,1,FHousingPlayerHouse_C,
443,0x40E32,1,11,GameObject,1,0x02a7aa0014dfa3af,0x2c3cad55e1be6d80,8,GameObject,133,3,"CGObject,FJamHousingCornerstone_C,Tag_GameObject",
444,0x40EED,1,8,Creature,1,0x02a7aa0002dfa3af,0x203cad55e0e58200,5,Unit,-1,-1,<UNPARSED>,840000effeafa3df02aaa70282e5e055ad3c200100000000000000000000008779979145280a45ed2dbac35852ca4222f4c04000000000000000000000000000
445,0x412A5,1,55,Housing,2,0x0000000000000008,0xdc40000000000012,18,HousingEntity,86,3,"FHousingRoom_C,FMirroredPositionData_C,Tag_HousingRoom",
446,0x4131E,1,11,GameObject,1,0x02a7aa00005fa3b1,0x2c3cad55e23da240,8,GameObject,113,2,"CGObject,Tag_GameObject",
447,0x413C4,1,8,Creature,1,0x02a7aa00015fa3af,0x203cad55e0ef3b40,5,Unit,-1,-1,<UNPARSED>,840000efffafa35f01aaa702403befe055ad3c200000000000000000000000008779979124f70c45aba2adc394e8cb42cec6b040000000000000000000000000
448,0x41B50,1,55,Housing,3,0x0000000000016b30,0xdc60000000008007,18,HousingEntity,55,1,FHousingPlayerHouse_C,
449,0x41B9D,1,55,Housing,3,0x00000000037506db,0xdc60000000008007,18,HousingEntity,56,1,FHousingPlayerHouse_C,
450,0x41BEC,1,8,Creature,1,0x02a7aa0005dfa3b1,0x203cad55e0e58240,5,Unit,-1,-1,<UNPARSED>,840000efffb1a3df05aaa7024082e5e055ad3c2001000000000000000000000087799791cb8c04456d42a1c364b5c14250567f40000000000000000000000000
451,0x41F8E,1,55,Housing,3,0x0000000000166058,0xdc60000000008007,18,HousingEntity,55,1,FHousingPlayerHouse_C,
452,0x41FDB,1,55,Housing,3,0x0000000003258027,0xdc60000000008007,18,HousingEntity,56,1,FHousingPlayerHouse_C,
453,0x4202A,1,11,GameObject,1,0x02a7aa0017dfa3af,0x2c3cad55e1be6d80,8,GameObject,133,3,"CGObject,FJamHousingCornerstone_C,Tag_GameObject",
454,0x420E5,1,8,Creature,1,0x02a7aa000d5fa3b0,0x203cad55e0e57c40,5,Unit,-1,-1,<UNPARSED>,840000efffb0a35f0daaa702407ce5e055ad3c2001000000000000000000000087799791c72d0c451d8bcbc34e31ce423dd72c40000000000000000000000000
455,0x42539,1,55,Housing,3,0x000000000479d339,0xdc60000000008007,18,HousingEntity,56,1,FHousingPlayerHouse_C,
456,0x42588,1,11,GameObject,1,0x02a7aa0019dfa3af,0x2c3cad55e1be6d80,8,GameObject,133,3,"CGObject,FJamHousingCornerstone_C,Tag_GameObject",
457,0x42643,1,11,GameObject,1,0x02a7aa000d5fa3af,0x2c3cad55e1be6d80,8,GameObject,133,3,"CGObject,FJamHousingCornerstone_C,Tag_GameObject",
458,0x426FE,1,11,GameObject,1,0x02a7aa00005fa3b2,0x2c3cad55e23da240,8,GameObject,113,2,"CGObject,Tag_GameObject",
459,0x427A4,1,8,Creature,1,0x02a7aa0009dfa3b0,0x203cad55e0f18080,5,Unit,-1,-1,<UNPARSED>,940000efffb0a3df09aaa7028080f1e055ad3c2001020000000000000000000087799791d5940845e4149ec37cefd242cf79d13f000000000000000000000000
460,0x4335A,1,55,Housing,3,0x000000003ae507bd,0xdc60000000008007,18,HousingEntity,56,1,FHousingPlayerHouse_C,
461,0x433A9,1,11,GameObject,1,0x02a7aa0007dfa3af,0x2c3cad55e1be6d80,8,GameObject,133,3,"CGObject,FJamHousingCornerstone_C,Tag_GameObject",
462,0x43464,1,11,GameObject,1,0x02a7aa001b5fa3af,0x2c3cad55e1be6d80,8,GameObject,133,3,"CGObject,FJamHousingCornerstone_C,Tag_GameObject",
463,0x4351F,1,55,Housing,3,0x000000000317c366,0xdc60000000010007,18,HousingEntity,56,1,FHousingPlayerHouse_C,
464,0x4356E,1,11,GameObject,1,0x02a7aa00005fa3b2,0x2c3cad55e23d9f80,8,GameObject,113,2,"CGObject,Tag_GameObject",
465,0x43614,1,8,Creature,1,0x02a7aa00005fa3b3,0x203cad55e0ef57c0,5,Unit,-1,-1,<UNPARSED>,940000e7ffb3a35faaa702c057efe055ad3c20000200000000000000000000877997910ebb02458e49acc3d86eb2426e133e4000000000000000000000000000
466,0x43D5B,1,55,Housing,3,0x00000000030a86cc,0xdc60000000008007,18,HousingEntity,56,1,FHousingPlayerHouse_C,
467,0x43DAA,1,11,GameObject,1,0x02a7aa0000dfa3b3,0x2c3cad55e255e280,8,GameObject,113,2,"CGObject,Tag_GameObject",
468,0x43E50,1,11,GameObject,1,0x02a7aa0000dfa3b2,0x2c3cad55e255e2c0,8,GameObject,113,2,"CGObject,Tag_GameObject",
469,0x43EF6,1,8,Creature,1,0x02a7aa00015fa3af,0x203cad55e0f18180,5,Unit,-1,-1,<UNPARSED>,940000efffafa35f01aaa7028081f1e055ad3c2001020000000000000000000087799791f2a80e45e4f6afc3abe0df4261ddb13e000000000000000000000000
470,0x444A6,1,55,Housing,3,0x000000000015310b,0xdc60000000008007,18,HousingEntity,55,1,FHousingPlayerHouse_C,
471,0x444F3,1,11,GameObject,1,0x02a7aa00015fa3b3,0x2c3cad55e232bec0,8,GameObject,113,2,"CGObject,Tag_GameObject",
472,0x4459A,1,11,GameObject,1,0x02a7aa0011dfa3af,0x2c3cad55e1be6d80,8,GameObject,133,3,"CGObject,FJamHousingCornerstone_C,Tag_GameObject",
473,0x44655,1,8,Creature,1,0x02a7aa0004dfa3b1,0x203cad55e0e58240,5,Unit,-1,-1,<UNPARSED>,840000efffb1a3df04aaa7024082e5e055ad3c200100000000000000000000008779979160fc0d45e16291c35504e9428c906840000000000000000000000000
474,0x449F7,1,55,Housing,3,0x00000000030b701c,0xdc60000000008007,18,HousingEntity,56,1,FHousingPlayerHouse_C,
475,0x44A46,1,13,AreaTrigger,1,0x02a7aa00115fa3af,0x343cad55e0247b80,11,AreaTrigger,319,3,"CGObject,FHousingPlotAreaTrigger_C,Tag_AreaTrigger",
476,0x44BB3,1,55,Housing,3,0x000000000431f42e,0xdc60000000008007,18,HousingEntity,56,1,FHousingPlayerHouse_C,
477,0x44C02,1,11,GameObject,1,0x02a7aa000a5fa3af,0x2c3cad55e1be6d80,8,GameObject,133,3,"CGObject,FJamHousingCornerstone_C,Tag_GameObject",
478,0x44CBD,1,8,Creature,1,0x02a7aa00175fa3b1,0x203cad55e0e58480,5,Unit,-1,-1,<UNPARSED>,840000efffb1a35f17aaa7028084e5e055ad3c2001000000000000000000000087799791721d0a451d11bdc33ffcca425d31bd3f000000000000000000000000
479,0x4505F,1,55,Housing,3,0x0000000000196ffe,0xdc60000000008007,18,HousingEntity,55,1,FHousingPlayerHouse_C,
480,0x450AC,1,8,Creature,1,0x02a7aa0000dfa3b0,0x203cad55e0ef57c0,5,Unit,-1,-1,<UNPARSED>,940000e7ffb0a3dfaaa702c057efe055ad3c200002000000000000000000008779979155c70b458efbb4c31eafc842b086213f00000000000000000000000000
481,0x455F9,1,55,Housing,3,0x00000000037a6fea,0xdc60000000008007,18,HousingEntity,56,1,FHousingPlayerHouse_C,
482,0x45648,1,56,MeshObject,1,0x02a7aa00115fa3af,0xe03cad55f81ec800,14,MeshObject,-1,-1,<UNPARSED>,8000080000000001c1291240dc0000000000000000000000000000000000000000000000000000803f0000803f0378000000000213161fddff01207b60000000
483,0x457C0,1,57,Entity,1,0x02a7aa00255fa3af,0xe43cad55e0000000,18,HousingEntity,44,3,"FMirroredPositionData_C,Tag_HouseExteriorPiece,Tag_HouseExteriorRoot",
484,0x45807,1,56,MeshObject,1,0x02a7aa000ddfa3af,0xe03cad55f81ec800,14,MeshObject,-1,-1,<UNPARSED>,8000080000000001c1081240dc0000000000000000000000000000000000000000000000000000803f0000803f0378000000000213161fddff01207b60000000
485,0x458C3,1,57,Entity,1,0x02a7aa00055fa3af,0xe43cad55e0000000,18,HousingEntity,44,3,"FMirroredPositionData_C,Tag_HouseExteriorPiece,Tag_HouseExteriorRoot",
486,0x4590A,1,56,MeshObject,1,0x02a7aa0012dfa3af,0xe03cad55f81ec800,14,MeshObject,-1,-1,<UNPARSED>,8000080000000001c1141240dc0000000000000000000000000000000000000000000000000000803f0000803f0378000000000213161fddff01207b60000000
487,0x459C6,1,57,Entity,1,0x02a7aa00225fa3af,0xe43cad55e0000000,18,HousingEntity,44,3,"FMirroredPositionData_C,Tag_HouseExteriorPiece,Tag_HouseExteriorRoot",
488,0x45A0D,1,57,Entity,1,0x02a7aa001b5fa3af,0xe43cad55e0000000,18,HousingEntity,44,3,"FMirroredPositionData_C,Tag_HouseExteriorPiece,Tag_HouseExteriorRoot",
489,0x45A54,1,13,AreaTrigger,1,0x02a7aa00005fa3b4,0x343cad55e028a280,11,AreaTrigger,-1,-1,<UNPARSED>,83000000000000c6e90845f210a8c3d6f6c442000000000fa01705610cd40800000000000000000000000000000000e0057f000000190100000002d1ff018aa2
490,0x47650,1,57,Entity,1,0x02a7aa001bdfa3af,0xe43cad55e0000000,18,HousingEntity,52,1,FMirroredPositionData_C,
491,0x4769F,1,57,Entity,1,0x02a7aa0022dfa3af,0xe43cad55e0000000,18,HousingEntity,52,1,FMirroredPositionData_C,
492,0x476EE,1,57,Entity,1,0x02a7aa0025dfa3af,0xe43cad55e0000000,18,HousingEntity,52,1,FMirroredPositionData_C,
493,0x4773D,1,57,Entity,1,0x02a7aa0005dfa3af,0xe43cad55e0000000,18,HousingEntity,52,1,FMirroredPositionData_C,
494,0x4778C,1,11,GameObject,1,0x02a7aa000ddfa3af,0x2c3cad55e23cd400,8,GameObject,168,3,"CGObject,FMirroredPositionData_C,Tag_GameObject",
